#VALUE!,Date,Customer ID,Gender,Age,Product Category,Quantity,Price per Unit,Total Amount,        Year
1,24-11-2023,CUST001,Male,34,Beauty,3,50,150,2023
2,27-02-2023,CUST002,Female,26,Clothing,2,500,1000,2023
3,13-01-2023,CUST003,Male,50,Electronics,1,30,30,2023
4,21-05-2023,CUST004,Male,37,Clothing,1,500,500,2023
5,06-05-2023,CUST005,Male,30,Beauty,2,50,100,2023
6,25-04-2023,CUST006,Female,45,Beauty,1,30,30,2023
7,13-03-2023,CUST007,Male,46,Clothing,2,25,50,2023
8,22-02-2023,CUST008,Male,30,Electronics,4,25,100,2023
9,13-12-2023,CUST009,Male,63,Electronics,2,300,600,2023
10,07-10-2023,CUST010,Female,52,Clothing,4,50,200,2023
11,14-02-2023,CUST011,Male,23,Clothing,2,50,100,2023
12,30-10-2023,CUST012,Male,35,Beauty,3,25,75,2023
13,05-08-2023,CUST013,Male,22,Electronics,3,500,1500,2023
14,17-01-2023,CUST014,Male,64,Clothing,4,30,120,2023
15,16-01-2023,CUST015,Female,42,Electronics,4,500,2000,2023
16,17-02-2023,CUST016,Male,19,Clothing,3,500,1500,2023
17,22-04-2023,CUST017,Female,27,Clothing,4,25,100,2023
18,30-04-2023,CUST018,Female,47,Electronics,2,25,50,2023
19,16-09-2023,CUST019,Female,62,Clothing,2,25,50,2023
20,05-11-2023,CUST020,Male,22,Clothing,3,300,900,2023
21,14-01-2023,CUST021,Female,50,Beauty,1,500,500,2023
22,15-10-2023,CUST022,Male,18,Clothing,2,50,100,2023
23,12-04-2023,CUST023,Female,35,Clothing,4,30,120,2023
24,29-11-2023,CUST024,Female,49,Clothing,1,300,300,2023
25,26-12-2023,CUST025,Female,64,Beauty,1,50,50,2023
26,07-10-2023,CUST026,Female,28,Electronics,2,500,1000,2023
27,03-08-2023,CUST027,Female,38,Beauty,2,25,50,2023
28,23-04-2023,CUST028,Female,43,Beauty,1,500,500,2023
29,18-08-2023,CUST029,Female,42,Electronics,1,30,30,2023
30,29-10-2023,CUST030,Female,39,Beauty,3,300,900,2023
31,23-05-2023,CUST031,Male,44,Electronics,4,300,1200,2023
32,04-01-2023,CUST032,Male,30,Beauty,3,30,90,2023
33,23-03-2023,CUST033,Female,50,Electronics,2,50,100,2023
34,24-12-2023,CUST034,Female,51,Clothing,3,50,150,2023
35,05-08-2023,CUST035,Female,58,Beauty,3,300,900,2023
36,24-06-2023,CUST036,Male,52,Beauty,3,300,900,2023
37,23-05-2023,CUST037,Female,18,Beauty,3,25,75,2023
38,21-03-2023,CUST038,Male,38,Beauty,4,50,200,2023
39,21-04-2023,CUST039,Male,23,Clothing,4,30,120,2023
40,22-06-2023,CUST040,Male,45,Beauty,1,50,50,2023
41,22-02-2023,CUST041,Male,34,Clothing,2,25,50,2023
42,17-02-2023,CUST042,Male,22,Clothing,3,300,900,2023
43,14-07-2023,CUST043,Female,48,Clothing,1,300,300,2023
44,19-02-2023,CUST044,Female,22,Clothing,1,25,25,2023
45,03-07-2023,CUST045,Female,55,Electronics,1,30,30,2023
46,26-06-2023,CUST046,Female,20,Electronics,4,300,1200,2023
47,06-11-2023,CUST047,Female,40,Beauty,3,500,1500,2023
48,16-05-2023,CUST048,Male,54,Electronics,3,300,900,2023
49,23-01-2023,CUST049,Female,54,Electronics,2,500,1000,2023
50,24-08-2023,CUST050,Female,27,Beauty,3,25,75,2023
51,02-10-2023,CUST051,Male,27,Beauty,3,25,75,2023
52,05-03-2023,CUST052,Female,36,Beauty,1,300,300,2023
53,13-07-2023,CUST053,Male,34,Electronics,2,50,100,2023
54,10-02-2023,CUST054,Female,38,Electronics,3,500,1500,2023
55,10-10-2023,CUST055,Male,31,Beauty,4,30,120,2023
56,31-05-2023,CUST056,Female,26,Clothing,3,300,900,2023
57,18-11-2023,CUST057,Female,63,Beauty,1,30,30,2023
58,13-11-2023,CUST058,Male,18,Clothing,4,300,1200,2023
59,05-07-2023,CUST059,Male,62,Clothing,1,50,50,2023
60,23-10-2023,CUST060,Male,30,Beauty,3,50,150,2023
61,09-04-2023,CUST061,Male,21,Beauty,4,50,200,2023
62,27-12-2023,CUST062,Male,18,Beauty,2,50,100,2023
63,05-02-2023,CUST063,Male,57,Electronics,2,25,50,2023
64,24-01-2023,CUST064,Male,49,Clothing,4,25,100,2023
65,05-12-2023,CUST065,Male,51,Electronics,4,500,2000,2023
66,27-04-2023,CUST066,Female,45,Electronics,1,30,30,2023
67,29-05-2023,CUST067,Female,48,Beauty,4,300,1200,2023
68,10-02-2023,CUST068,Male,25,Electronics,1,300,300,2023
69,30-04-2023,CUST069,Female,56,Beauty,3,25,75,2023
70,21-02-2023,CUST070,Female,43,Clothing,1,300,300,2023
71,14-07-2023,CUST071,Female,51,Beauty,4,25,100,2023
72,23-05-2023,CUST072,Female,20,Electronics,4,500,2000,2023
73,21-08-2023,CUST073,Male,29,Electronics,3,30,90,2023
74,22-11-2023,CUST074,Female,18,Beauty,4,500,2000,2023
75,06-07-2023,CUST075,Male,61,Beauty,4,50,200,2023
76,25-03-2023,CUST076,Female,22,Electronics,2,50,100,2023
77,09-07-2023,CUST077,Female,47,Clothing,2,50,100,2023
78,01-07-2023,CUST078,Female,47,Clothing,3,500,1500,2023
79,18-04-2023,CUST079,Male,34,Beauty,1,300,300,2023
80,10-12-2023,CUST080,Female,64,Clothing,2,30,60,2023
81,17-05-2023,CUST081,Male,40,Electronics,1,50,50,2023
82,26-12-2023,CUST082,Female,32,Beauty,4,50,200,2023
83,16-12-2023,CUST083,Male,54,Electronics,2,50,100,2023
84,28-11-2023,CUST084,Female,38,Electronics,3,30,90,2023
85,06-02-2023,CUST085,Male,31,Clothing,3,50,150,2023
86,08-11-2023,CUST086,Male,19,Beauty,3,30,90,2023
87,22-11-2023,CUST087,Female,28,Beauty,2,50,100,2023
88,29-03-2023,CUST088,Male,56,Clothing,1,500,500,2023
89,01-10-2023,CUST089,Female,55,Electronics,4,500,2000,2023
90,06-05-2023,CUST090,Female,51,Electronics,1,30,30,2023
91,25-03-2023,CUST091,Female,55,Electronics,1,500,500,2023
92,25-08-2023,CUST092,Female,51,Electronics,4,30,120,2023
93,14-07-2023,CUST093,Female,35,Beauty,4,500,2000,2023
94,19-05-2023,CUST094,Female,47,Beauty,2,500,1000,2023
95,24-11-2023,CUST095,Female,32,Clothing,2,30,60,2023
96,19-12-2023,CUST096,Female,44,Clothing,2,300,600,2023
97,13-10-2023,CUST097,Female,51,Beauty,2,500,1000,2023
98,23-04-2023,CUST098,Female,55,Beauty,2,50,100,2023
99,17-12-2023,CUST099,Female,50,Electronics,4,300,1200,2023
100,16-06-2023,CUST100,Male,41,Electronics,1,30,30,2023
101,29-01-2023,CUST101,Male,32,Clothing,2,300,600,2023
102,28-04-2023,CUST102,Female,47,Beauty,2,25,50,2023
103,17-01-2023,CUST103,Female,59,Clothing,1,25,25,2023
104,11-06-2023,CUST104,Female,34,Beauty,2,500,1000,2023
105,25-07-2023,CUST105,Female,22,Electronics,1,500,500,2023
106,18-05-2023,CUST106,Female,46,Clothing,1,50,50,2023
107,03-02-2023,CUST107,Female,21,Clothing,4,300,1200,2023
108,19-04-2023,CUST108,Female,27,Beauty,3,25,75,2023
109,18-10-2023,CUST109,Female,34,Electronics,4,500,2000,2023
110,11-06-2023,CUST110,Male,27,Clothing,3,300,900,2023
111,19-04-2023,CUST111,Female,34,Electronics,3,500,1500,2023
112,02-12-2023,CUST112,Male,37,Clothing,3,500,1500,2023
113,13-09-2023,CUST113,Female,41,Electronics,2,25,50,2023
114,22-07-2023,CUST114,Female,22,Beauty,4,25,100,2023
115,26-11-2023,CUST115,Male,51,Clothing,3,500,1500,2023
116,23-08-2023,CUST116,Female,23,Clothing,1,30,30,2023
117,15-03-2023,CUST117,Male,19,Electronics,2,500,1000,2023
118,16-05-2023,CUST118,Female,30,Electronics,4,500,2000,2023
119,13-03-2023,CUST119,Female,60,Clothing,3,50,150,2023
120,07-05-2023,CUST120,Male,60,Beauty,1,50,50,2023
121,15-10-2023,CUST121,Female,28,Electronics,4,50,200,2023
122,03-10-2023,CUST122,Male,64,Electronics,4,30,120,2023
123,15-05-2023,CUST123,Female,40,Electronics,2,30,60,2023
124,27-10-2023,CUST124,Male,33,Clothing,4,500,2000,2023
125,08-08-2023,CUST125,Male,48,Clothing,2,50,100,2023
126,26-10-2023,CUST126,Female,28,Clothing,3,30,90,2023
127,24-07-2023,CUST127,Female,33,Clothing,2,25,50,2023
128,05-07-2023,CUST128,Male,25,Beauty,1,500,500,2023
129,23-04-2023,CUST129,Female,21,Beauty,2,300,600,2023
130,12-03-2023,CUST130,Female,57,Clothing,1,500,500,2023
131,18-09-2023,CUST131,Female,21,Beauty,2,300,600,2023
132,10-09-2023,CUST132,Male,42,Electronics,4,50,200,2023
133,16-02-2023,CUST133,Male,20,Electronics,3,300,900,2023
134,25-01-2023,CUST134,Male,49,Electronics,1,50,50,2023
135,26-02-2023,CUST135,Male,20,Clothing,2,25,50,2023
136,20-03-2023,CUST136,Male,44,Electronics,2,300,600,2023
137,18-11-2023,CUST137,Male,46,Beauty,2,500,1000,2023
138,23-03-2023,CUST138,Male,49,Clothing,4,50,200,2023
139,15-12-2023,CUST139,Male,36,Beauty,4,500,2000,2023
140,05-08-2023,CUST140,Male,38,Electronics,1,30,30,2023
141,02-11-2023,CUST141,Female,22,Electronics,1,50,50,2023
142,02-02-2023,CUST142,Male,35,Electronics,4,300,1200,2023
143,17-07-2023,CUST143,Female,45,Clothing,1,50,50,2023
144,15-07-2023,CUST144,Female,59,Beauty,3,500,1500,2023
145,02-11-2023,CUST145,Female,39,Clothing,3,25,75,2023
146,28-08-2023,CUST146,Male,38,Clothing,4,50,200,2023
147,28-09-2023,CUST147,Male,23,Electronics,1,300,300,2023
148,09-05-2023,CUST148,Male,18,Clothing,2,30,60,2023
149,11-10-2023,CUST149,Male,22,Clothing,3,25,75,2023
150,06-01-2023,CUST150,Female,58,Electronics,4,30,120,2023
151,15-12-2023,CUST151,Male,29,Clothing,1,50,50,2023
152,28-02-2023,CUST152,Male,43,Electronics,4,500,2000,2023
153,16-12-2023,CUST153,Male,63,Electronics,2,500,1000,2023
154,02-10-2023,CUST154,Male,51,Electronics,3,300,900,2023
155,17-05-2023,CUST155,Male,31,Electronics,4,500,2000,2023
156,25-11-2023,CUST156,Female,43,Clothing,4,25,100,2023
157,24-06-2023,CUST157,Male,62,Electronics,4,500,2000,2023
158,27-02-2023,CUST158,Female,44,Electronics,2,300,600,2023
159,31-05-2023,CUST159,Male,26,Clothing,4,50,200,2023
160,11-08-2023,CUST160,Female,43,Clothing,2,50,100,2023
161,22-03-2023,CUST161,Male,64,Beauty,2,500,1000,2023
162,21-08-2023,CUST162,Male,39,Clothing,2,30,60,2023
163,02-01-2023,CUST163,Female,64,Clothing,3,50,150,2023
164,15-05-2023,CUST164,Female,47,Beauty,3,500,1500,2023
165,14-09-2023,CUST165,Female,60,Clothing,4,300,1200,2023
166,02-04-2023,CUST166,Male,34,Clothing,4,500,2000,2023
167,17-09-2023,CUST167,Female,43,Clothing,3,50,150,2023
168,24-02-2023,CUST168,Male,53,Clothing,1,300,300,2023
169,17-11-2023,CUST169,Male,18,Beauty,3,500,1500,2023
170,02-06-2023,CUST170,Female,25,Clothing,2,25,50,2023
171,24-11-2023,CUST171,Female,52,Clothing,3,300,900,2023
172,17-09-2023,CUST172,Male,32,Beauty,2,25,50,2023
173,08-11-2023,CUST173,Male,64,Electronics,4,30,120,2023
174,12-04-2023,CUST174,Female,39,Beauty,1,300,300,2023
175,20-03-2023,CUST175,Female,31,Electronics,4,25,100,2023
176,11-07-2023,CUST176,Female,43,Beauty,2,50,100,2023
177,24-03-2023,CUST177,Male,45,Beauty,2,50,100,2023
178,04-10-2023,CUST178,Male,40,Clothing,2,30,60,2023
179,29-09-2023,CUST179,Male,31,Electronics,1,300,300,2023
180,01-01-2023,CUST180,Male,41,Clothing,3,300,900,2023
181,03-11-2023,CUST181,Male,19,Electronics,4,300,1200,2023
182,15-06-2023,CUST182,Male,62,Beauty,4,30,120,2023
183,08-09-2023,CUST183,Female,43,Beauty,3,300,900,2023
184,10-01-2023,CUST184,Male,31,Electronics,4,50,200,2023
185,27-02-2023,CUST185,Male,24,Clothing,1,25,25,2023
186,05-07-2023,CUST186,Male,20,Clothing,4,50,200,2023
187,07-06-2023,CUST187,Female,64,Clothing,2,50,100,2023
188,03-05-2023,CUST188,Male,40,Clothing,3,25,75,2023
189,30-01-2023,CUST189,Male,63,Beauty,1,50,50,2023
190,04-05-2023,CUST190,Female,60,Beauty,3,30,90,2023
191,18-10-2023,CUST191,Male,64,Beauty,1,25,25,2023
192,10-02-2023,CUST192,Male,62,Beauty,2,50,100,2023
193,13-02-2023,CUST193,Male,35,Beauty,3,500,1500,2023
194,06-09-2023,CUST194,Male,55,Clothing,4,50,200,2023
195,05-02-2023,CUST195,Male,52,Clothing,1,30,30,2023
196,30-09-2023,CUST196,Female,32,Clothing,3,300,900,2023
197,06-03-2023,CUST197,Female,42,Clothing,4,50,200,2023
198,07-03-2023,CUST198,Female,54,Beauty,3,300,900,2023
199,04-12-2023,CUST199,Male,45,Beauty,3,500,1500,2023
200,01-09-2023,CUST200,Male,27,Beauty,3,50,150,2023
201,09-10-2023,CUST201,Male,56,Electronics,1,25,25,2023
202,26-03-2023,CUST202,Female,34,Clothing,4,300,1200,2023
203,16-05-2023,CUST203,Male,56,Clothing,2,500,1000,2023
204,28-09-2023,CUST204,Male,39,Beauty,1,25,25,2023
205,07-11-2023,CUST205,Female,43,Clothing,1,25,25,2023
206,05-08-2023,CUST206,Male,61,Clothing,1,25,25,2023
207,19-04-2023,CUST207,Female,42,Beauty,2,25,50,2023
208,04-10-2023,CUST208,Female,34,Electronics,4,50,200,2023
209,20-12-2023,CUST209,Female,30,Electronics,4,50,200,2023
210,13-04-2023,CUST210,Male,37,Electronics,4,50,200,2023
211,01-01-2024,CUST211,Male,42,Beauty,3,500,1500,2024
212,09-06-2023,CUST212,Male,21,Clothing,3,500,1500,2023
213,24-07-2023,CUST213,Male,27,Beauty,3,500,1500,2023
214,10-12-2023,CUST214,Male,20,Beauty,2,30,60,2023
215,29-11-2023,CUST215,Male,58,Clothing,3,500,1500,2023
216,11-07-2023,CUST216,Male,62,Electronics,2,50,100,2023
217,13-08-2023,CUST217,Female,35,Electronics,4,50,200,2023
218,22-09-2023,CUST218,Male,64,Beauty,3,30,90,2023
219,20-08-2023,CUST219,Female,53,Electronics,3,30,90,2023
220,03-03-2023,CUST220,Male,64,Beauty,1,500,500,2023
221,07-05-2023,CUST221,Male,39,Beauty,2,300,600,2023
222,26-04-2023,CUST222,Male,51,Clothing,4,30,120,2023
223,02-02-2023,CUST223,Female,64,Clothing,1,25,25,2023
224,23-06-2023,CUST224,Female,25,Clothing,1,50,50,2023
225,11-01-2023,CUST225,Female,57,Beauty,4,25,100,2023
226,29-10-2023,CUST226,Female,61,Clothing,1,50,50,2023
227,11-10-2023,CUST227,Male,36,Electronics,2,50,100,2023
228,28-04-2023,CUST228,Female,59,Electronics,2,30,60,2023
229,29-10-2023,CUST229,Male,58,Beauty,3,30,90,2023
230,23-04-2023,CUST230,Male,54,Beauty,1,25,25,2023
231,04-01-2023,CUST231,Female,23,Clothing,3,50,150,2023
232,06-02-2023,CUST232,Female,43,Beauty,1,25,25,2023
233,29-12-2023,CUST233,Female,51,Beauty,2,300,600,2023
234,20-11-2023,CUST234,Female,62,Electronics,2,25,50,2023
235,31-01-2023,CUST235,Female,23,Electronics,2,500,1000,2023
236,28-04-2023,CUST236,Female,54,Clothing,1,25,25,2023
237,04-02-2023,CUST237,Female,50,Beauty,2,500,1000,2023
238,17-01-2023,CUST238,Female,39,Beauty,1,500,500,2023
239,19-06-2023,CUST239,Male,38,Electronics,3,500,1500,2023
240,06-02-2023,CUST240,Female,23,Beauty,1,300,300,2023
241,21-09-2023,CUST241,Female,23,Electronics,3,25,75,2023
242,02-05-2023,CUST242,Male,21,Clothing,1,25,25,2023
243,23-05-2023,CUST243,Female,47,Electronics,3,300,900,2023
244,09-12-2023,CUST244,Male,28,Beauty,2,50,100,2023
245,06-09-2023,CUST245,Male,47,Clothing,3,30,90,2023
246,20-04-2023,CUST246,Female,48,Electronics,2,25,50,2023
247,04-10-2023,CUST247,Male,41,Electronics,2,30,60,2023
248,09-03-2023,CUST248,Male,26,Clothing,3,300,900,2023
249,20-10-2023,CUST249,Male,20,Clothing,1,50,50,2023
250,23-10-2023,CUST250,Male,48,Electronics,1,50,50,2023
251,31-08-2023,CUST251,Female,57,Beauty,4,50,200,2023
252,05-05-2023,CUST252,Male,54,Electronics,1,300,300,2023
253,31-08-2023,CUST253,Female,53,Clothing,4,500,2000,2023
254,28-07-2023,CUST254,Male,41,Electronics,1,500,500,2023
255,08-04-2023,CUST255,Male,48,Clothing,1,30,30,2023
256,18-02-2023,CUST256,Male,23,Clothing,2,500,1000,2023
257,19-02-2023,CUST257,Male,19,Beauty,4,500,2000,2023
258,04-12-2023,CUST258,Female,37,Clothing,1,50,50,2023
259,09-08-2023,CUST259,Female,45,Clothing,4,50,200,2023
260,01-07-2023,CUST260,Male,28,Beauty,2,30,60,2023
261,05-08-2023,CUST261,Male,21,Clothing,2,25,50,2023
262,30-07-2023,CUST262,Female,32,Beauty,4,30,120,2023
263,28-08-2023,CUST263,Male,23,Beauty,2,30,60,2023
264,28-01-2023,CUST264,Male,47,Clothing,3,300,900,2023
265,11-12-2023,CUST265,Male,55,Clothing,3,300,900,2023
266,01-12-2023,CUST266,Female,19,Electronics,2,30,60,2023
267,27-11-2023,CUST267,Female,32,Beauty,3,30,90,2023
268,20-02-2023,CUST268,Female,28,Electronics,1,30,30,2023
269,01-02-2023,CUST269,Male,25,Clothing,4,500,2000,2023
270,26-07-2023,CUST270,Male,43,Electronics,1,300,300,2023
271,23-06-2023,CUST271,Female,62,Beauty,4,30,120,2023
272,25-02-2023,CUST272,Female,61,Electronics,2,50,100,2023
273,08-05-2023,CUST273,Female,22,Beauty,1,50,50,2023
274,09-04-2023,CUST274,Female,23,Clothing,2,500,1000,2023
275,08-04-2023,CUST275,Male,43,Clothing,2,500,1000,2023
276,02-10-2023,CUST276,Female,21,Beauty,4,25,100,2023
277,18-08-2023,CUST277,Male,36,Clothing,4,25,100,2023
278,13-03-2023,CUST278,Female,37,Clothing,4,25,100,2023
279,05-08-2023,CUST279,Male,50,Clothing,1,500,500,2023
280,04-04-2023,CUST280,Female,37,Clothing,3,500,1500,2023
281,23-05-2023,CUST281,Female,29,Beauty,4,500,2000,2023
282,25-08-2023,CUST282,Female,64,Electronics,4,50,200,2023
283,08-05-2023,CUST283,Female,18,Electronics,1,500,500,2023
284,08-02-2023,CUST284,Male,43,Clothing,4,50,200,2023
285,15-08-2023,CUST285,Female,31,Electronics,1,25,25,2023
286,09-10-2023,CUST286,Male,55,Electronics,2,25,50,2023
287,20-02-2023,CUST287,Male,54,Clothing,4,25,100,2023
288,26-01-2023,CUST288,Male,28,Clothing,4,30,120,2023
289,30-11-2023,CUST289,Male,53,Electronics,2,30,60,2023
290,04-10-2023,CUST290,Female,30,Beauty,2,300,600,2023
291,08-01-2023,CUST291,Male,60,Clothing,2,300,600,2023
292,17-02-2023,CUST292,Male,20,Beauty,4,300,1200,2023
293,02-05-2023,CUST293,Male,50,Electronics,3,30,90,2023
294,27-03-2023,CUST294,Female,23,Clothing,3,30,90,2023
295,28-07-2023,CUST295,Female,27,Beauty,3,300,900,2023
296,06-09-2023,CUST296,Female,22,Clothing,4,300,1200,2023
297,04-09-2023,CUST297,Female,40,Electronics,2,500,1000,2023
298,20-04-2023,CUST298,Male,27,Beauty,4,300,1200,2023
299,25-07-2023,CUST299,Male,61,Electronics,2,500,1000,2023
300,31-01-2023,CUST300,Female,19,Electronics,4,50,200,2023
301,26-03-2023,CUST301,Male,30,Clothing,4,30,120,2023
302,14-07-2023,CUST302,Male,57,Beauty,2,300,600,2023
303,02-01-2023,CUST303,Male,19,Electronics,3,30,90,2023
304,19-07-2023,CUST304,Female,37,Electronics,2,30,60,2023
305,16-05-2023,CUST305,Female,18,Beauty,1,30,30,2023
306,21-08-2023,CUST306,Male,54,Electronics,1,50,50,2023
307,27-05-2023,CUST307,Female,26,Electronics,2,25,50,2023
308,05-08-2023,CUST308,Female,34,Beauty,4,300,1200,2023
309,23-12-2023,CUST309,Female,26,Beauty,1,25,25,2023
310,12-10-2023,CUST310,Female,28,Beauty,1,25,25,2023
311,05-12-2023,CUST311,Female,32,Beauty,4,25,100,2023
312,07-09-2023,CUST312,Male,41,Clothing,4,30,120,2023
313,21-03-2023,CUST313,Female,55,Beauty,3,500,1500,2023
314,08-04-2023,CUST314,Male,52,Clothing,4,30,120,2023
315,01-06-2023,CUST315,Male,47,Clothing,2,30,60,2023
316,22-04-2023,CUST316,Female,48,Clothing,2,25,50,2023
317,30-01-2023,CUST317,Male,22,Electronics,3,30,90,2023
318,24-10-2023,CUST318,Male,61,Clothing,1,25,25,2023
319,05-10-2023,CUST319,Male,31,Clothing,1,500,500,2023
320,01-02-2023,CUST320,Female,28,Electronics,4,300,1200,2023
321,10-06-2023,CUST321,Female,26,Electronics,2,25,50,2023
322,30-01-2023,CUST322,Male,51,Electronics,1,500,500,2023
323,26-01-2023,CUST323,Female,29,Beauty,3,300,900,2023
324,27-10-2023,CUST324,Female,52,Electronics,3,50,150,2023
325,02-09-2023,CUST325,Female,52,Electronics,2,25,50,2023
326,15-09-2023,CUST326,Female,18,Clothing,3,25,75,2023
327,29-09-2023,CUST327,Male,57,Electronics,3,50,150,2023
328,22-03-2023,CUST328,Male,39,Beauty,2,50,100,2023
329,30-01-2023,CUST329,Female,46,Electronics,4,25,100,2023
330,18-09-2023,CUST330,Female,25,Beauty,4,50,200,2023
331,11-02-2023,CUST331,Male,28,Electronics,3,30,90,2023
332,06-04-2023,CUST332,Male,58,Electronics,4,300,1200,2023
333,05-02-2023,CUST333,Female,54,Electronics,4,300,1200,2023
334,01-11-2023,CUST334,Male,31,Electronics,3,300,900,2023
335,04-02-2023,CUST335,Female,47,Beauty,4,30,120,2023
336,12-12-2023,CUST336,Female,52,Beauty,3,50,150,2023
337,01-05-2023,CUST337,Male,38,Clothing,1,500,500,2023
338,26-07-2023,CUST338,Male,54,Beauty,2,50,100,2023
339,03-03-2023,CUST339,Female,22,Electronics,2,25,50,2023
340,19-10-2023,CUST340,Female,36,Clothing,4,300,1200,2023
341,07-05-2023,CUST341,Male,31,Clothing,4,50,200,2023
342,24-10-2023,CUST342,Female,43,Clothing,4,500,2000,2023
343,01-11-2023,CUST343,Male,21,Electronics,2,25,50,2023
344,21-01-2023,CUST344,Female,42,Beauty,1,30,30,2023
345,14-11-2023,CUST345,Male,62,Electronics,1,30,30,2023
346,11-02-2023,CUST346,Male,59,Clothing,2,500,1000,2023
347,03-08-2023,CUST347,Male,42,Electronics,1,25,25,2023
348,03-12-2023,CUST348,Female,35,Electronics,2,300,600,2023
349,26-10-2023,CUST349,Female,57,Beauty,1,50,50,2023
350,17-10-2023,CUST350,Male,25,Beauty,3,25,75,2023
351,25-09-2023,CUST351,Female,56,Clothing,3,30,90,2023
352,11-06-2023,CUST352,Male,57,Electronics,2,500,1000,2023
353,14-05-2023,CUST353,Male,31,Electronics,1,500,500,2023
354,15-04-2023,CUST354,Female,49,Beauty,4,50,200,2023
355,09-12-2023,CUST355,Female,55,Electronics,1,500,500,2023
356,10-06-2023,CUST356,Male,50,Electronics,3,500,1500,2023
357,03-05-2023,CUST357,Female,40,Electronics,3,25,75,2023
358,16-05-2023,CUST358,Female,32,Beauty,1,300,300,2023
359,22-07-2023,CUST359,Male,50,Clothing,1,50,50,2023
360,09-03-2023,CUST360,Male,42,Clothing,4,25,100,2023
361,10-12-2023,CUST361,Female,34,Electronics,4,300,1200,2023
362,27-11-2023,CUST362,Male,50,Clothing,1,25,25,2023
363,03-06-2023,CUST363,Male,64,Beauty,1,25,25,2023
364,23-08-2023,CUST364,Female,19,Beauty,1,500,500,2023
365,11-06-2023,CUST365,Male,31,Clothing,1,300,300,2023
366,07-02-2023,CUST366,Male,57,Clothing,2,50,100,2023
367,05-01-2023,CUST367,Female,57,Electronics,1,50,50,2023
368,23-08-2023,CUST368,Female,56,Clothing,4,300,1200,2023
369,15-11-2023,CUST369,Male,23,Electronics,3,500,1500,2023
370,16-10-2023,CUST370,Male,23,Electronics,2,30,60,2023
371,21-02-2023,CUST371,Female,20,Beauty,1,25,25,2023
372,07-02-2023,CUST372,Female,24,Beauty,3,500,1500,2023
373,03-10-2023,CUST373,Female,25,Beauty,2,300,600,2023
374,20-04-2023,CUST374,Female,59,Beauty,3,25,75,2023
375,17-09-2023,CUST375,Male,32,Clothing,1,50,50,2023
376,16-05-2023,CUST376,Female,64,Beauty,1,30,30,2023
377,09-03-2023,CUST377,Female,46,Clothing,4,50,200,2023
378,28-06-2023,CUST378,Male,50,Beauty,1,300,300,2023
379,05-02-2023,CUST379,Female,47,Clothing,1,25,25,2023
380,06-05-2023,CUST380,Male,56,Electronics,2,300,600,2023
381,09-07-2023,CUST381,Female,44,Clothing,4,25,100,2023
382,26-05-2023,CUST382,Female,53,Clothing,2,500,1000,2023
383,22-03-2023,CUST383,Female,46,Beauty,3,30,90,2023
384,13-08-2023,CUST384,Male,55,Clothing,1,500,500,2023
385,06-10-2023,CUST385,Male,50,Electronics,3,500,1500,2023
386,27-12-2023,CUST386,Female,54,Electronics,2,300,600,2023
387,04-06-2023,CUST387,Male,44,Beauty,1,30,30,2023
388,10-11-2023,CUST388,Male,50,Electronics,1,25,25,2023
389,01-12-2023,CUST389,Male,21,Clothing,2,25,50,2023
390,28-09-2023,CUST390,Male,39,Electronics,2,50,100,2023
391,05-01-2023,CUST391,Male,19,Beauty,2,25,50,2023
392,08-12-2023,CUST392,Male,27,Clothing,2,300,600,2023
393,11-10-2023,CUST393,Female,22,Beauty,2,500,1000,2023
394,03-06-2023,CUST394,Female,27,Clothing,1,500,500,2023
395,06-12-2023,CUST395,Male,50,Electronics,2,500,1000,2023
396,23-02-2023,CUST396,Female,55,Beauty,1,30,30,2023
397,10-03-2023,CUST397,Female,30,Beauty,1,25,25,2023
398,16-05-2023,CUST398,Female,48,Clothing,2,300,600,2023
399,01-03-2023,CUST399,Female,64,Beauty,2,30,60,2023
400,24-02-2023,CUST400,Male,53,Clothing,4,50,200,2023
401,11-10-2023,CUST401,Female,62,Clothing,1,300,300,2023
402,21-03-2023,CUST402,Female,41,Clothing,2,300,600,2023
403,20-05-2023,CUST403,Male,32,Clothing,2,300,600,2023
404,25-05-2023,CUST404,Male,46,Electronics,2,500,1000,2023
405,06-11-2023,CUST405,Female,25,Clothing,4,300,1200,2023
406,18-04-2023,CUST406,Female,22,Beauty,4,25,100,2023
407,25-06-2023,CUST407,Female,46,Electronics,3,300,900,2023
408,15-04-2023,CUST408,Female,64,Beauty,1,500,500,2023
409,18-12-2023,CUST409,Female,21,Electronics,3,300,900,2023
410,21-11-2023,CUST410,Female,29,Clothing,2,50,100,2023
411,16-05-2023,CUST411,Male,62,Electronics,4,50,200,2023
412,16-09-2023,CUST412,Female,19,Electronics,4,500,2000,2023
413,08-09-2023,CUST413,Female,44,Beauty,3,25,75,2023
414,09-05-2023,CUST414,Male,48,Beauty,4,25,100,2023
415,27-01-2023,CUST415,Male,53,Clothing,2,30,60,2023
416,17-02-2023,CUST416,Male,53,Electronics,4,500,2000,2023
417,21-11-2023,CUST417,Male,43,Electronics,3,300,900,2023
418,05-08-2023,CUST418,Female,60,Electronics,2,500,1000,2023
419,22-05-2023,CUST419,Female,44,Clothing,3,30,90,2023
420,23-01-2023,CUST420,Female,22,Clothing,4,500,2000,2023
421,02-01-2023,CUST421,Female,37,Clothing,3,500,1500,2023
422,20-06-2023,CUST422,Female,28,Clothing,3,30,90,2023
423,08-03-2023,CUST423,Female,27,Clothing,1,25,25,2023
424,23-11-2023,CUST424,Male,57,Beauty,4,300,1200,2023
425,15-05-2023,CUST425,Female,55,Electronics,4,30,120,2023
426,24-03-2023,CUST426,Male,23,Electronics,3,50,150,2023
427,15-08-2023,CUST427,Male,25,Electronics,1,25,25,2023
428,10-10-2023,CUST428,Female,40,Electronics,4,50,200,2023
429,28-12-2023,CUST429,Male,64,Electronics,2,25,50,2023
430,07-08-2023,CUST430,Female,43,Electronics,3,300,900,2023
431,15-10-2023,CUST431,Male,63,Electronics,4,300,1200,2023
432,05-01-2023,CUST432,Female,60,Electronics,2,500,1000,2023
433,27-02-2023,CUST433,Male,29,Beauty,4,50,200,2023
434,08-02-2023,CUST434,Female,43,Electronics,2,25,50,2023
435,20-12-2023,CUST435,Female,30,Beauty,3,300,900,2023
436,18-03-2023,CUST436,Female,57,Clothing,4,30,120,2023
437,07-10-2023,CUST437,Female,35,Electronics,4,300,1200,2023
438,19-01-2023,CUST438,Female,42,Clothing,1,30,30,2023
439,09-07-2023,CUST439,Male,50,Clothing,3,25,75,2023
440,26-10-2023,CUST440,Male,64,Clothing,2,300,600,2023
441,10-10-2023,CUST441,Male,57,Beauty,4,300,1200,2023
442,17-03-2023,CUST442,Female,60,Clothing,4,25,100,2023
443,09-08-2023,CUST443,Male,29,Clothing,2,300,600,2023
444,07-03-2023,CUST444,Female,61,Clothing,3,30,90,2023
445,22-01-2023,CUST445,Female,53,Electronics,1,300,300,2023
446,07-06-2023,CUST446,Male,21,Electronics,1,50,50,2023
447,06-07-2023,CUST447,Male,22,Beauty,4,500,2000,2023
448,21-01-2023,CUST448,Female,54,Beauty,2,30,60,2023
449,03-07-2023,CUST449,Male,25,Electronics,4,50,200,2023
450,18-04-2023,CUST450,Female,59,Beauty,2,25,50,2023
451,16-12-2023,CUST451,Female,45,Electronics,1,30,30,2023
452,08-05-2023,CUST452,Female,48,Clothing,3,500,1500,2023
453,08-12-2023,CUST453,Female,26,Clothing,2,500,1000,2023
454,22-02-2023,CUST454,Female,46,Beauty,1,25,25,2023
455,01-07-2023,CUST455,Male,31,Electronics,4,25,100,2023
456,14-10-2023,CUST456,Male,57,Electronics,2,30,60,2023
457,28-07-2023,CUST457,Female,58,Beauty,3,300,900,2023
458,14-11-2023,CUST458,Female,39,Electronics,4,25,100,2023
459,21-03-2023,CUST459,Male,28,Clothing,4,300,1200,2023
460,02-05-2023,CUST460,Male,40,Beauty,1,50,50,2023
461,25-03-2023,CUST461,Female,18,Beauty,2,500,1000,2023
462,01-04-2023,CUST462,Male,63,Electronics,4,300,1200,2023
463,31-07-2023,CUST463,Female,54,Beauty,3,500,1500,2023
464,13-01-2023,CUST464,Male,38,Electronics,2,300,600,2023
465,02-04-2023,CUST465,Female,43,Electronics,3,50,150,2023
466,20-06-2023,CUST466,Male,63,Electronics,4,25,100,2023
467,30-07-2023,CUST467,Female,53,Electronics,3,50,150,2023
468,09-12-2023,CUST468,Male,40,Electronics,1,25,25,2023
469,08-05-2023,CUST469,Male,18,Beauty,3,25,75,2023
470,17-05-2023,CUST470,Female,57,Clothing,2,500,1000,2023
471,23-03-2023,CUST471,Male,32,Clothing,3,50,150,2023
472,26-12-2023,CUST472,Female,38,Beauty,3,300,900,2023
473,25-02-2023,CUST473,Male,64,Beauty,1,50,50,2023
474,15-07-2023,CUST474,Female,26,Clothing,3,500,1500,2023
475,20-01-2023,CUST475,Male,26,Clothing,3,25,75,2023
476,29-08-2023,CUST476,Female,27,Clothing,4,500,2000,2023
477,24-04-2023,CUST477,Male,43,Clothing,4,30,120,2023
478,13-04-2023,CUST478,Female,58,Clothing,2,30,60,2023
479,24-08-2023,CUST479,Male,52,Electronics,4,300,1200,2023
480,29-06-2023,CUST480,Female,42,Beauty,4,500,2000,2023
481,06-06-2023,CUST481,Female,43,Electronics,4,300,1200,2023
482,27-04-2023,CUST482,Female,28,Clothing,4,300,1200,2023
483,25-04-2023,CUST483,Male,55,Clothing,1,30,30,2023
484,13-01-2023,CUST484,Female,19,Clothing,4,300,1200,2023
485,04-12-2023,CUST485,Male,24,Electronics,1,30,30,2023
486,09-04-2023,CUST486,Female,35,Electronics,1,25,25,2023
487,24-07-2023,CUST487,Male,44,Clothing,4,500,2000,2023
488,18-06-2023,CUST488,Female,51,Electronics,3,300,900,2023
489,23-05-2023,CUST489,Male,44,Electronics,1,30,30,2023
490,05-02-2023,CUST490,Male,34,Clothing,3,50,150,2023
491,23-05-2023,CUST491,Female,60,Electronics,3,300,900,2023
492,29-06-2023,CUST492,Male,61,Beauty,4,25,100,2023
493,25-11-2023,CUST493,Male,41,Beauty,2,25,50,2023
494,18-09-2023,CUST494,Female,42,Beauty,4,50,200,2023
495,24-07-2023,CUST495,Male,24,Beauty,2,30,60,2023
496,14-12-2023,CUST496,Male,23,Clothing,2,300,600,2023
497,02-10-2023,CUST497,Male,41,Clothing,4,30,120,2023
498,19-06-2023,CUST498,Female,50,Clothing,4,25,100,2023
499,15-01-2023,CUST499,Male,46,Beauty,2,30,60,2023
500,01-03-2023,CUST500,Female,60,Beauty,4,25,100,2023
501,14-05-2023,CUST501,Male,39,Electronics,2,30,60,2023
502,02-04-2023,CUST502,Male,43,Electronics,3,50,150,2023
503,25-10-2023,CUST503,Male,45,Beauty,4,500,2000,2023
504,16-05-2023,CUST504,Female,38,Beauty,3,50,150,2023
505,20-01-2023,CUST505,Male,24,Beauty,1,50,50,2023
506,25-02-2023,CUST506,Male,34,Beauty,3,500,1500,2023
507,02-11-2023,CUST507,Female,37,Electronics,3,500,1500,2023
508,11-08-2023,CUST508,Male,58,Beauty,2,300,600,2023
509,26-06-2023,CUST509,Female,37,Electronics,3,300,900,2023
510,10-06-2023,CUST510,Female,39,Beauty,4,50,200,2023
511,12-08-2023,CUST511,Male,45,Beauty,2,50,100,2023
512,07-11-2023,CUST512,Female,57,Beauty,1,25,25,2023
513,19-09-2023,CUST513,Male,24,Electronics,4,25,100,2023
514,01-03-2023,CUST514,Female,18,Electronics,1,300,300,2023
515,17-07-2023,CUST515,Female,49,Clothing,3,300,900,2023
516,23-10-2023,CUST516,Male,30,Beauty,4,25,100,2023
517,08-04-2023,CUST517,Female,47,Clothing,4,25,100,2023
518,11-05-2023,CUST518,Female,40,Clothing,1,30,30,2023
519,23-01-2023,CUST519,Female,36,Electronics,4,30,120,2023
520,29-12-2023,CUST520,Female,49,Electronics,4,25,100,2023
521,12-08-2023,CUST521,Female,47,Clothing,4,30,120,2023
522,01-01-2023,CUST522,Male,46,Beauty,3,500,1500,2023
523,24-09-2023,CUST523,Female,62,Electronics,1,300,300,2023
524,03-10-2023,CUST524,Male,46,Beauty,4,300,1200,2023
525,18-12-2023,CUST525,Female,47,Beauty,2,25,50,2023
526,10-12-2023,CUST526,Male,33,Clothing,2,50,100,2023
527,11-04-2023,CUST527,Male,57,Clothing,2,25,50,2023
528,06-07-2023,CUST528,Female,36,Clothing,2,30,60,2023
529,09-08-2023,CUST529,Female,35,Clothing,3,50,150,2023
530,05-02-2023,CUST530,Female,18,Electronics,4,30,120,2023
531,07-12-2023,CUST531,Male,31,Electronics,1,500,500,2023
532,19-06-2023,CUST532,Female,64,Clothing,4,30,120,2023
533,16-11-2023,CUST533,Male,19,Electronics,3,500,1500,2023
534,10-06-2023,CUST534,Male,45,Clothing,2,500,1000,2023
535,06-12-2023,CUST535,Male,47,Beauty,3,30,90,2023
536,05-03-2023,CUST536,Female,55,Beauty,4,30,120,2023
537,03-06-2023,CUST537,Female,21,Beauty,1,500,500,2023
538,17-09-2023,CUST538,Male,18,Clothing,3,50,150,2023
539,08-06-2023,CUST539,Male,25,Beauty,1,500,500,2023
540,08-12-2023,CUST540,Female,46,Electronics,3,300,900,2023
541,29-07-2023,CUST541,Male,56,Beauty,1,500,500,2023
542,17-06-2023,CUST542,Female,20,Beauty,1,50,50,2023
543,26-07-2023,CUST543,Male,49,Beauty,2,300,600,2023
544,23-12-2023,CUST544,Female,27,Electronics,1,25,25,2023
545,01-06-2023,CUST545,Male,27,Clothing,2,25,50,2023
546,11-10-2023,CUST546,Female,36,Electronics,4,50,200,2023
547,07-03-2023,CUST547,Male,63,Clothing,4,500,2000,2023
548,09-04-2023,CUST548,Female,51,Clothing,2,30,60,2023
549,04-08-2023,CUST549,Female,50,Beauty,2,50,100,2023
550,07-12-2023,CUST550,Male,40,Clothing,3,300,900,2023
551,14-07-2023,CUST551,Male,45,Electronics,3,300,900,2023
552,13-12-2023,CUST552,Female,49,Electronics,3,25,75,2023
553,31-03-2023,CUST553,Male,24,Clothing,4,300,1200,2023
554,12-11-2023,CUST554,Female,46,Beauty,3,50,150,2023
555,19-10-2023,CUST555,Male,25,Beauty,1,300,300,2023
556,04-06-2023,CUST556,Female,18,Electronics,1,50,50,2023
557,27-07-2023,CUST557,Female,20,Beauty,3,30,90,2023
558,08-10-2023,CUST558,Female,41,Clothing,1,25,25,2023
559,01-01-2023,CUST559,Female,40,Clothing,4,300,1200,2023
560,05-06-2023,CUST560,Female,25,Electronics,1,50,50,2023
561,27-05-2023,CUST561,Female,64,Clothing,4,500,2000,2023
562,18-04-2023,CUST562,Male,54,Electronics,2,25,50,2023
563,09-08-2023,CUST563,Male,20,Clothing,2,30,60,2023
564,24-10-2023,CUST564,Male,50,Electronics,2,50,100,2023
565,07-11-2023,CUST565,Female,45,Beauty,2,30,60,2023
566,02-12-2023,CUST566,Female,64,Clothing,1,30,30,2023
567,14-06-2023,CUST567,Female,25,Clothing,3,300,900,2023
568,27-08-2023,CUST568,Female,51,Electronics,1,300,300,2023
569,15-08-2023,CUST569,Male,52,Electronics,4,50,200,2023
570,15-08-2023,CUST570,Male,49,Clothing,1,500,500,2023
571,12-12-2023,CUST571,Female,41,Electronics,1,50,50,2023
572,20-04-2023,CUST572,Male,31,Clothing,4,500,2000,2023
573,19-09-2023,CUST573,Male,49,Beauty,2,30,60,2023
574,31-08-2023,CUST574,Female,63,Electronics,2,25,50,2023
575,28-03-2023,CUST575,Male,60,Clothing,2,50,100,2023
576,04-12-2023,CUST576,Female,33,Beauty,3,50,150,2023
577,13-02-2023,CUST577,Male,21,Beauty,4,500,2000,2023
578,26-05-2023,CUST578,Female,54,Clothing,4,30,120,2023
579,21-09-2023,CUST579,Female,38,Electronics,1,30,30,2023
580,06-12-2023,CUST580,Female,31,Clothing,3,500,1500,2023
581,21-11-2023,CUST581,Female,48,Beauty,2,30,60,2023
582,14-11-2023,CUST582,Male,35,Clothing,3,300,900,2023
583,21-06-2023,CUST583,Female,24,Electronics,4,25,100,2023
584,17-02-2023,CUST584,Female,27,Beauty,4,50,200,2023
585,01-05-2023,CUST585,Female,24,Clothing,1,25,25,2023
586,11-12-2023,CUST586,Male,50,Electronics,1,50,50,2023
587,08-06-2023,CUST587,Female,40,Beauty,4,300,1200,2023
588,26-04-2023,CUST588,Male,38,Electronics,2,30,60,2023
589,12-04-2023,CUST589,Female,36,Beauty,2,500,1000,2023
590,17-03-2023,CUST590,Male,36,Clothing,3,300,900,2023
591,13-01-2023,CUST591,Male,53,Electronics,4,25,100,2023
592,24-01-2023,CUST592,Female,46,Beauty,4,500,2000,2023
593,06-05-2023,CUST593,Male,35,Electronics,2,30,60,2023
594,01-09-2023,CUST594,Female,19,Electronics,2,300,600,2023
595,09-11-2023,CUST595,Female,18,Clothing,4,500,2000,2023
596,07-02-2023,CUST596,Female,64,Electronics,1,300,300,2023
597,22-08-2023,CUST597,Male,22,Beauty,4,300,1200,2023
598,01-08-2023,CUST598,Male,37,Beauty,4,30,120,2023
599,19-11-2023,CUST599,Female,28,Beauty,2,50,100,2023
600,22-10-2023,CUST600,Female,59,Beauty,2,500,1000,2023
601,10-04-2023,CUST601,Male,19,Clothing,1,30,30,2023
602,23-12-2023,CUST602,Female,20,Electronics,1,300,300,2023
603,16-07-2023,CUST603,Female,40,Clothing,3,30,90,2023
604,11-09-2023,CUST604,Female,29,Electronics,4,50,200,2023
605,24-07-2023,CUST605,Male,37,Electronics,2,500,1000,2023
606,05-05-2023,CUST606,Male,22,Electronics,1,50,50,2023
607,17-03-2023,CUST607,Male,54,Clothing,3,25,75,2023
608,02-12-2023,CUST608,Female,55,Electronics,3,500,1500,2023
609,19-12-2023,CUST609,Female,47,Clothing,2,50,100,2023
610,03-01-2023,CUST610,Female,26,Beauty,2,300,600,2023
611,24-02-2023,CUST611,Male,51,Beauty,3,500,1500,2023
612,06-08-2023,CUST612,Female,61,Electronics,1,500,500,2023
613,23-04-2023,CUST613,Female,52,Clothing,3,30,90,2023
614,01-04-2023,CUST614,Female,39,Beauty,4,300,1200,2023
615,23-12-2023,CUST615,Female,61,Clothing,4,25,100,2023
616,23-09-2023,CUST616,Male,41,Clothing,2,50,100,2023
617,26-08-2023,CUST617,Male,34,Electronics,1,30,30,2023
618,26-01-2023,CUST618,Female,27,Beauty,1,50,50,2023
619,13-10-2023,CUST619,Male,47,Electronics,4,25,100,2023
620,08-05-2023,CUST620,Male,63,Electronics,3,25,75,2023
621,04-03-2023,CUST621,Female,40,Beauty,2,500,1000,2023
622,22-08-2023,CUST622,Female,49,Beauty,3,25,75,2023
623,10-03-2023,CUST623,Male,34,Clothing,3,50,150,2023
624,26-08-2023,CUST624,Female,34,Beauty,3,300,900,2023
625,08-12-2023,CUST625,Male,31,Clothing,1,300,300,2023
626,29-09-2023,CUST626,Female,26,Clothing,4,500,2000,2023
627,14-10-2023,CUST627,Male,57,Clothing,1,50,50,2023
628,01-11-2023,CUST628,Female,19,Beauty,4,50,200,2023
629,12-06-2023,CUST629,Male,62,Electronics,2,25,50,2023
630,15-08-2023,CUST630,Male,42,Clothing,2,50,100,2023
631,10-11-2023,CUST631,Male,56,Electronics,3,30,90,2023
632,16-09-2023,CUST632,Female,26,Electronics,4,25,100,2023
633,07-08-2023,CUST633,Male,39,Beauty,4,30,120,2023
634,08-10-2023,CUST634,Male,60,Electronics,4,500,2000,2023
635,17-08-2023,CUST635,Female,63,Electronics,3,300,900,2023
636,23-03-2023,CUST636,Female,21,Beauty,3,500,1500,2023
637,01-09-2023,CUST637,Male,43,Clothing,2,300,600,2023
638,19-08-2023,CUST638,Male,46,Electronics,1,500,500,2023
639,13-05-2023,CUST639,Female,62,Beauty,4,50,200,2023
640,07-05-2023,CUST640,Female,51,Electronics,4,30,120,2023
641,23-11-2023,CUST641,Female,40,Electronics,1,300,300,2023
642,22-05-2023,CUST642,Female,54,Clothing,4,25,100,2023
643,24-09-2023,CUST643,Female,28,Electronics,3,30,90,2023
644,06-09-2023,CUST644,Male,23,Beauty,3,25,75,2023
645,17-11-2023,CUST645,Female,35,Electronics,4,30,120,2023
646,03-05-2023,CUST646,Male,38,Clothing,3,30,90,2023
647,21-05-2023,CUST647,Male,59,Clothing,3,500,1500,2023
648,14-08-2023,CUST648,Male,53,Beauty,4,300,1200,2023
649,09-02-2023,CUST649,Female,58,Clothing,2,300,600,2023
650,01-01-2024,CUST650,Male,55,Electronics,1,30,30,2024
651,27-05-2023,CUST651,Male,51,Clothing,3,50,150,2023
652,01-05-2023,CUST652,Female,34,Beauty,2,50,100,2023
653,20-05-2023,CUST653,Male,54,Clothing,3,25,75,2023
654,21-06-2023,CUST654,Male,42,Clothing,3,25,75,2023
655,13-06-2023,CUST655,Female,55,Clothing,1,500,500,2023
656,04-10-2023,CUST656,Male,29,Beauty,3,30,90,2023
657,11-02-2023,CUST657,Male,40,Clothing,1,25,25,2023
658,12-03-2023,CUST658,Male,59,Clothing,1,25,25,2023
659,19-03-2023,CUST659,Female,39,Electronics,1,30,30,2023
660,29-04-2023,CUST660,Female,38,Beauty,2,500,1000,2023
661,16-07-2023,CUST661,Female,44,Clothing,4,25,100,2023
662,22-12-2023,CUST662,Male,48,Beauty,2,500,1000,2023
663,20-03-2023,CUST663,Male,23,Clothing,4,300,1200,2023
664,28-12-2023,CUST664,Female,44,Clothing,4,500,2000,2023
665,20-04-2023,CUST665,Male,57,Clothing,1,50,50,2023
666,02-02-2023,CUST666,Male,51,Electronics,3,50,150,2023
667,01-08-2023,CUST667,Female,29,Electronics,1,500,500,2023
668,28-07-2023,CUST668,Female,62,Electronics,3,50,150,2023
669,19-06-2023,CUST669,Male,24,Beauty,4,300,1200,2023
670,05-10-2023,CUST670,Male,27,Beauty,1,30,30,2023
671,27-08-2023,CUST671,Male,62,Electronics,3,50,150,2023
672,01-08-2023,CUST672,Female,34,Beauty,2,50,100,2023
673,01-02-2023,CUST673,Female,43,Clothing,3,500,1500,2023
674,16-04-2023,CUST674,Female,38,Clothing,1,300,300,2023
675,04-08-2023,CUST675,Female,45,Clothing,2,30,60,2023
676,19-07-2023,CUST676,Male,63,Electronics,3,500,1500,2023
677,27-10-2023,CUST677,Female,19,Beauty,3,500,1500,2023
678,23-12-2023,CUST678,Female,60,Electronics,3,300,900,2023
679,11-01-2023,CUST679,Female,18,Beauty,3,30,90,2023
680,22-10-2023,CUST680,Female,53,Clothing,3,300,900,2023
681,14-07-2023,CUST681,Female,43,Electronics,2,30,60,2023
682,02-09-2023,CUST682,Male,46,Beauty,4,300,1200,2023
683,04-01-2023,CUST683,Male,38,Beauty,2,500,1000,2023
684,30-06-2023,CUST684,Female,28,Clothing,2,500,1000,2023
685,02-06-2023,CUST685,Male,57,Electronics,2,25,50,2023
686,19-07-2023,CUST686,Female,28,Electronics,4,50,200,2023
687,03-08-2023,CUST687,Female,53,Electronics,1,300,300,2023
688,03-10-2023,CUST688,Male,56,Clothing,4,25,100,2023
689,07-10-2023,CUST689,Male,57,Electronics,2,50,100,2023
690,05-11-2023,CUST690,Female,52,Clothing,3,300,900,2023
691,23-04-2023,CUST691,Female,51,Clothing,3,30,90,2023
692,07-09-2023,CUST692,Female,64,Clothing,2,50,100,2023
693,23-04-2023,CUST693,Male,41,Beauty,3,500,1500,2023
694,20-05-2023,CUST694,Female,39,Electronics,2,25,50,2023
695,12-08-2023,CUST695,Female,22,Electronics,3,50,150,2023
696,06-09-2023,CUST696,Female,50,Clothing,4,50,200,2023
697,15-01-2023,CUST697,Male,53,Clothing,1,500,500,2023
698,19-07-2023,CUST698,Female,64,Electronics,1,300,300,2023
699,22-06-2023,CUST699,Female,37,Clothing,4,30,120,2023
700,09-12-2023,CUST700,Male,36,Electronics,4,500,2000,2023
701,14-12-2023,CUST701,Female,52,Beauty,2,30,60,2023
702,27-07-2023,CUST702,Female,60,Clothing,2,300,600,2023
703,26-03-2023,CUST703,Male,34,Electronics,2,50,100,2023
704,28-08-2023,CUST704,Female,62,Clothing,3,30,90,2023
705,07-03-2023,CUST705,Male,60,Electronics,2,25,50,2023
706,15-11-2023,CUST706,Male,51,Electronics,4,25,100,2023
707,01-10-2023,CUST707,Female,26,Clothing,1,500,500,2023
708,14-01-2023,CUST708,Female,43,Beauty,3,300,900,2023
709,21-07-2023,CUST709,Female,19,Electronics,2,500,1000,2023
710,31-10-2023,CUST710,Female,26,Electronics,3,500,1500,2023
711,16-10-2023,CUST711,Male,26,Electronics,3,500,1500,2023
712,06-12-2023,CUST712,Female,57,Beauty,2,25,50,2023
713,14-01-2023,CUST713,Male,34,Beauty,3,25,75,2023
714,12-02-2023,CUST714,Female,18,Clothing,1,500,500,2023
715,26-11-2023,CUST715,Female,42,Beauty,4,25,100,2023
716,08-08-2023,CUST716,Female,60,Clothing,4,300,1200,2023
717,11-03-2023,CUST717,Male,57,Clothing,1,500,500,2023
718,25-08-2023,CUST718,Female,59,Beauty,3,25,75,2023
719,04-04-2023,CUST719,Female,42,Clothing,2,30,60,2023
720,26-01-2023,CUST720,Female,56,Beauty,3,500,1500,2023
721,14-05-2023,CUST721,Female,52,Clothing,1,500,500,2023
722,14-07-2023,CUST722,Male,20,Beauty,3,300,900,2023
723,17-06-2023,CUST723,Female,54,Beauty,4,50,200,2023
724,19-04-2023,CUST724,Male,61,Clothing,3,50,150,2023
725,21-08-2023,CUST725,Male,61,Electronics,1,300,300,2023
726,17-06-2023,CUST726,Male,47,Clothing,4,300,1200,2023
727,22-06-2023,CUST727,Male,55,Beauty,3,300,900,2023
728,14-07-2023,CUST728,Male,51,Electronics,3,50,150,2023
729,23-05-2023,CUST729,Male,29,Clothing,4,300,1200,2023
730,04-08-2023,CUST730,Female,36,Clothing,2,25,50,2023
731,10-05-2023,CUST731,Male,54,Clothing,4,500,2000,2023
732,11-02-2023,CUST732,Male,61,Electronics,2,500,1000,2023
733,29-08-2023,CUST733,Male,34,Beauty,1,30,30,2023
734,10-01-2023,CUST734,Female,27,Clothing,1,30,30,2023
735,04-10-2023,CUST735,Female,64,Clothing,4,500,2000,2023
736,27-01-2023,CUST736,Male,29,Clothing,4,25,100,2023
737,29-06-2023,CUST737,Female,33,Clothing,1,50,50,2023
738,25-04-2023,CUST738,Male,41,Clothing,2,50,100,2023
739,29-11-2023,CUST739,Male,36,Beauty,1,25,25,2023
740,05-02-2023,CUST740,Female,25,Beauty,4,50,200,2023
741,30-11-2023,CUST741,Male,48,Clothing,1,300,300,2023
742,21-01-2023,CUST742,Female,38,Electronics,4,500,2000,2023
743,16-01-2023,CUST743,Female,34,Beauty,4,500,2000,2023
744,07-05-2023,CUST744,Male,40,Electronics,1,25,25,2023
745,13-04-2023,CUST745,Male,54,Beauty,2,50,100,2023
746,11-01-2023,CUST746,Female,33,Clothing,3,30,90,2023
747,15-11-2023,CUST747,Male,23,Beauty,1,30,30,2023
748,20-03-2023,CUST748,Male,25,Clothing,3,50,150,2023
749,03-05-2023,CUST749,Male,42,Beauty,1,30,30,2023
750,06-03-2023,CUST750,Female,35,Clothing,3,25,75,2023
751,31-08-2023,CUST751,Female,42,Clothing,2,25,50,2023
752,09-12-2023,CUST752,Male,29,Clothing,2,50,100,2023
753,28-02-2023,CUST753,Female,32,Clothing,1,30,30,2023
754,16-10-2023,CUST754,Female,43,Electronics,4,25,100,2023
755,22-04-2023,CUST755,Female,58,Clothing,3,25,75,2023
756,27-08-2023,CUST756,Female,62,Electronics,4,300,1200,2023
757,25-12-2023,CUST757,Female,43,Electronics,4,300,1200,2023
758,12-05-2023,CUST758,Male,64,Clothing,4,25,100,2023
759,08-07-2023,CUST759,Male,49,Electronics,2,50,100,2023
760,27-03-2023,CUST760,Male,27,Beauty,1,500,500,2023
761,07-11-2023,CUST761,Female,33,Clothing,1,500,500,2023
762,07-11-2023,CUST762,Female,24,Electronics,2,25,50,2023
763,28-02-2023,CUST763,Male,34,Clothing,2,25,50,2023
764,25-03-2023,CUST764,Female,40,Clothing,1,25,25,2023
765,09-06-2023,CUST765,Male,43,Clothing,4,50,200,2023
766,25-02-2023,CUST766,Male,38,Electronics,3,300,900,2023
767,24-10-2023,CUST767,Male,39,Beauty,3,25,75,2023
768,14-01-2023,CUST768,Female,24,Beauty,3,25,75,2023
769,09-06-2023,CUST769,Female,31,Electronics,4,30,120,2023
770,22-10-2023,CUST770,Male,32,Clothing,1,50,50,2023
771,13-12-2023,CUST771,Male,24,Electronics,2,25,50,2023
772,12-07-2023,CUST772,Male,26,Electronics,1,30,30,2023
773,23-07-2023,CUST773,Male,25,Electronics,4,500,2000,2023
774,12-04-2023,CUST774,Female,40,Clothing,2,25,50,2023
775,08-02-2023,CUST775,Female,46,Electronics,4,25,100,2023
776,31-10-2023,CUST776,Male,35,Clothing,3,30,90,2023
777,20-12-2023,CUST777,Male,48,Electronics,3,50,150,2023
778,18-11-2023,CUST778,Female,47,Beauty,4,25,100,2023
779,05-05-2023,CUST779,Female,56,Electronics,2,500,1000,2023
780,22-02-2023,CUST780,Male,52,Electronics,2,25,50,2023
781,23-12-2023,CUST781,Male,35,Beauty,1,500,500,2023
782,04-06-2023,CUST782,Male,59,Clothing,3,300,900,2023
783,17-12-2023,CUST783,Female,56,Clothing,1,300,300,2023
784,04-11-2023,CUST784,Female,34,Electronics,1,500,500,2023
785,03-03-2023,CUST785,Female,31,Beauty,4,50,200,2023
786,17-10-2023,CUST786,Male,48,Clothing,4,25,100,2023
787,22-01-2023,CUST787,Male,41,Electronics,1,25,25,2023
788,27-06-2023,CUST788,Female,52,Beauty,3,300,900,2023
789,30-09-2023,CUST789,Female,61,Clothing,4,500,2000,2023
790,08-08-2023,CUST790,Male,62,Clothing,1,25,25,2023
791,05-12-2023,CUST791,Female,51,Beauty,1,25,25,2023
792,09-07-2023,CUST792,Female,20,Beauty,1,50,50,2023
793,05-02-2023,CUST793,Male,54,Beauty,1,30,30,2023
794,17-09-2023,CUST794,Female,60,Beauty,1,300,300,2023
795,28-11-2023,CUST795,Male,57,Electronics,1,300,300,2023
796,24-06-2023,CUST796,Male,43,Beauty,4,30,120,2023
797,07-01-2023,CUST797,Male,40,Clothing,3,25,75,2023
798,04-08-2023,CUST798,Male,61,Clothing,1,50,50,2023
799,08-09-2023,CUST799,Male,56,Electronics,2,50,100,2023
800,24-02-2023,CUST800,Male,32,Clothing,4,300,1200,2023
801,10-08-2023,CUST801,Male,21,Clothing,4,50,200,2023
802,05-07-2023,CUST802,Female,46,Beauty,1,30,30,2023
803,22-11-2023,CUST803,Male,39,Clothing,4,25,100,2023
804,24-08-2023,CUST804,Male,42,Electronics,1,30,30,2023
805,29-12-2023,CUST805,Female,30,Beauty,3,500,1500,2023
806,20-03-2023,CUST806,Female,35,Beauty,3,300,900,2023
807,11-08-2023,CUST807,Female,50,Electronics,4,50,200,2023
808,01-04-2023,CUST808,Male,33,Beauty,4,500,2000,2023
809,25-09-2023,CUST809,Female,62,Beauty,2,50,100,2023
810,30-11-2023,CUST810,Male,59,Electronics,4,25,100,2023
811,19-05-2023,CUST811,Male,61,Beauty,2,25,50,2023
812,12-11-2023,CUST812,Male,19,Electronics,3,25,75,2023
813,03-10-2023,CUST813,Male,52,Electronics,3,50,150,2023
814,05-09-2023,CUST814,Female,59,Clothing,1,500,500,2023
815,27-08-2023,CUST815,Female,51,Clothing,3,25,75,2023
816,12-08-2023,CUST816,Male,47,Beauty,2,500,1000,2023
817,31-10-2023,CUST817,Male,30,Beauty,4,50,200,2023
818,18-05-2023,CUST818,Male,30,Electronics,1,500,500,2023
819,15-06-2023,CUST819,Female,35,Beauty,2,50,100,2023
820,06-05-2023,CUST820,Male,49,Electronics,4,50,200,2023
821,14-02-2023,CUST821,Male,49,Electronics,1,300,300,2023
822,23-05-2023,CUST822,Female,52,Beauty,3,50,150,2023
823,19-08-2023,CUST823,Female,56,Electronics,2,50,100,2023
824,05-05-2023,CUST824,Male,63,Clothing,4,30,120,2023
825,26-08-2023,CUST825,Female,46,Beauty,1,25,25,2023
826,19-10-2023,CUST826,Female,46,Clothing,1,300,300,2023
827,09-11-2023,CUST827,Male,61,Beauty,3,300,900,2023
828,09-12-2023,CUST828,Female,33,Electronics,4,300,1200,2023
829,14-07-2023,CUST829,Male,61,Beauty,3,30,90,2023
830,22-06-2023,CUST830,Female,64,Clothing,3,50,150,2023
831,15-01-2023,CUST831,Male,27,Electronics,4,25,100,2023
832,11-09-2023,CUST832,Male,47,Beauty,4,500,2000,2023
833,16-06-2023,CUST833,Male,42,Beauty,4,50,200,2023
834,04-04-2023,CUST834,Female,56,Beauty,2,30,60,2023
835,07-09-2023,CUST835,Male,37,Clothing,4,50,200,2023
836,19-04-2023,CUST836,Female,22,Clothing,1,50,50,2023
837,01-07-2023,CUST837,Male,18,Beauty,3,30,90,2023
838,13-05-2023,CUST838,Male,47,Electronics,2,300,600,2023
839,24-06-2023,CUST839,Female,20,Electronics,4,300,1200,2023
840,24-05-2023,CUST840,Male,62,Clothing,2,25,50,2023
841,02-11-2023,CUST841,Male,31,Electronics,4,25,100,2023
842,26-12-2023,CUST842,Female,47,Clothing,2,300,600,2023
843,22-05-2023,CUST843,Male,21,Beauty,3,500,1500,2023
844,12-10-2023,CUST844,Male,35,Clothing,3,50,150,2023
845,06-01-2023,CUST845,Male,54,Clothing,1,500,500,2023
846,22-09-2023,CUST846,Male,42,Beauty,1,50,50,2023
847,08-04-2023,CUST847,Female,18,Electronics,4,300,1200,2023
848,13-02-2023,CUST848,Female,63,Clothing,3,25,75,2023
849,04-05-2023,CUST849,Male,32,Clothing,2,25,50,2023
850,28-07-2023,CUST850,Female,26,Beauty,2,500,1000,2023
851,08-09-2023,CUST851,Male,32,Electronics,2,25,50,2023
852,12-10-2023,CUST852,Female,41,Clothing,1,300,300,2023
853,04-05-2023,CUST853,Male,21,Beauty,2,500,1000,2023
854,20-12-2023,CUST854,Male,29,Clothing,1,50,50,2023
855,01-09-2023,CUST855,Male,54,Beauty,1,25,25,2023
856,27-11-2023,CUST856,Male,54,Electronics,4,30,120,2023
857,31-12-2023,CUST857,Male,60,Electronics,2,25,50,2023
858,09-09-2023,CUST858,Male,23,Electronics,2,50,100,2023
859,18-08-2023,CUST859,Female,56,Electronics,3,500,1500,2023
860,09-01-2023,CUST860,Male,63,Clothing,4,50,200,2023
861,17-02-2023,CUST861,Female,41,Clothing,3,30,90,2023
862,31-05-2023,CUST862,Male,28,Electronics,4,300,1200,2023
863,24-04-2023,CUST863,Female,30,Electronics,2,25,50,2023
864,27-07-2023,CUST864,Female,51,Electronics,1,500,500,2023
865,21-12-2023,CUST865,Female,42,Clothing,1,300,300,2023
866,05-05-2023,CUST866,Male,24,Electronics,1,50,50,2023
867,06-06-2023,CUST867,Male,21,Electronics,1,500,500,2023
868,06-12-2023,CUST868,Female,25,Electronics,1,300,300,2023
869,25-10-2023,CUST869,Male,37,Beauty,3,500,1500,2023
870,08-07-2023,CUST870,Female,46,Electronics,4,30,120,2023
871,31-08-2023,CUST871,Male,62,Beauty,2,30,60,2023
872,11-10-2023,CUST872,Female,63,Beauty,3,25,75,2023
873,29-09-2023,CUST873,Female,27,Electronics,4,25,100,2023
874,26-06-2023,CUST874,Male,60,Beauty,1,30,30,2023
875,06-08-2023,CUST875,Female,51,Electronics,4,500,2000,2023
876,09-10-2023,CUST876,Male,43,Clothing,4,30,120,2023
877,19-06-2023,CUST877,Female,58,Clothing,1,25,25,2023
878,30-06-2023,CUST878,Female,20,Clothing,1,30,30,2023
879,26-12-2023,CUST879,Male,23,Clothing,1,30,30,2023
880,21-08-2023,CUST880,Male,22,Beauty,2,500,1000,2023
881,19-05-2023,CUST881,Male,22,Electronics,1,300,300,2023
882,06-06-2023,CUST882,Female,64,Electronics,2,25,50,2023
883,09-05-2023,CUST883,Male,40,Electronics,1,500,500,2023
884,29-04-2023,CUST884,Female,26,Clothing,2,30,60,2023
885,03-03-2023,CUST885,Female,52,Clothing,4,30,120,2023
886,09-04-2023,CUST886,Male,37,Electronics,3,300,900,2023
887,11-06-2023,CUST887,Male,59,Clothing,4,25,100,2023
888,03-03-2023,CUST888,Female,52,Electronics,4,25,100,2023
889,02-10-2023,CUST889,Female,35,Electronics,1,50,50,2023
890,20-12-2023,CUST890,Male,34,Electronics,2,25,50,2023
891,05-04-2023,CUST891,Male,41,Electronics,3,300,900,2023
892,09-04-2023,CUST892,Male,20,Electronics,1,50,50,2023
893,21-04-2023,CUST893,Male,49,Electronics,1,50,50,2023
894,05-09-2023,CUST894,Male,52,Electronics,1,30,30,2023
895,22-05-2023,CUST895,Female,55,Clothing,4,30,120,2023
896,29-10-2023,CUST896,Female,30,Electronics,2,25,50,2023
897,26-09-2023,CUST897,Female,64,Electronics,2,50,100,2023
898,02-11-2023,CUST898,Female,42,Clothing,3,30,90,2023
899,25-05-2023,CUST899,Male,26,Clothing,2,300,600,2023
900,21-02-2023,CUST900,Male,21,Clothing,2,30,60,2023
901,10-04-2023,CUST901,Male,31,Electronics,1,30,30,2023
902,01-06-2023,CUST902,Female,54,Beauty,1,50,50,2023
903,27-04-2023,CUST903,Female,51,Beauty,4,50,200,2023
904,04-07-2023,CUST904,Male,28,Clothing,1,500,500,2023
905,02-04-2023,CUST905,Male,58,Beauty,1,300,300,2023
906,04-06-2023,CUST906,Female,20,Clothing,1,50,50,2023
907,08-01-2023,CUST907,Female,45,Electronics,1,25,25,2023
908,29-12-2023,CUST908,Male,46,Beauty,4,300,1200,2023
909,01-10-2023,CUST909,Male,26,Electronics,1,300,300,2023
910,06-03-2023,CUST910,Female,20,Beauty,3,50,150,2023
911,21-05-2023,CUST911,Male,42,Electronics,3,300,900,2023
912,24-01-2023,CUST912,Male,51,Beauty,3,50,150,2023
913,28-01-2023,CUST913,Male,29,Electronics,3,30,90,2023
914,11-10-2023,CUST914,Female,59,Electronics,1,500,500,2023
915,30-05-2023,CUST915,Female,26,Beauty,3,30,90,2023
916,24-12-2023,CUST916,Female,32,Electronics,1,50,50,2023
917,06-03-2023,CUST917,Female,57,Electronics,4,50,200,2023
918,23-11-2023,CUST918,Female,42,Electronics,3,30,90,2023
919,09-09-2023,CUST919,Female,22,Beauty,2,25,50,2023
920,22-02-2023,CUST920,Female,28,Beauty,3,25,75,2023
921,07-01-2023,CUST921,Male,51,Electronics,3,25,75,2023
922,21-10-2023,CUST922,Male,41,Electronics,1,50,50,2023
923,26-05-2023,CUST923,Male,32,Beauty,3,300,900,2023
924,29-08-2023,CUST924,Male,55,Beauty,2,50,100,2023
925,03-09-2023,CUST925,Male,25,Electronics,1,300,300,2023
926,14-08-2023,CUST926,Male,22,Electronics,1,30,30,2023
927,24-06-2023,CUST927,Male,43,Electronics,4,500,2000,2023
928,05-04-2023,CUST928,Female,35,Clothing,4,300,1200,2023
929,27-01-2023,CUST929,Female,23,Beauty,3,25,75,2023
930,10-05-2023,CUST930,Male,54,Clothing,4,50,200,2023
931,02-09-2023,CUST931,Male,30,Beauty,4,30,120,2023
932,28-02-2023,CUST932,Female,45,Beauty,4,25,100,2023
933,03-02-2023,CUST933,Male,22,Beauty,1,30,30,2023
934,25-07-2023,CUST934,Male,30,Beauty,1,500,500,2023
935,09-09-2023,CUST935,Female,34,Beauty,1,50,50,2023
936,07-02-2023,CUST936,Male,57,Beauty,4,50,200,2023
937,23-10-2023,CUST937,Female,62,Beauty,1,500,500,2023
938,19-11-2023,CUST938,Male,49,Clothing,4,50,200,2023
939,18-12-2023,CUST939,Female,46,Electronics,1,300,300,2023
940,28-01-2023,CUST940,Female,20,Electronics,1,30,30,2023
941,19-03-2023,CUST941,Female,57,Clothing,2,25,50,2023
942,18-03-2023,CUST942,Male,51,Clothing,3,500,1500,2023
943,16-10-2023,CUST943,Female,57,Clothing,4,300,1200,2023
944,05-06-2023,CUST944,Male,44,Clothing,2,25,50,2023
945,13-02-2023,CUST945,Male,30,Beauty,1,25,25,2023
946,08-05-2023,CUST946,Male,62,Electronics,4,500,2000,2023
947,02-03-2023,CUST947,Male,50,Beauty,1,300,300,2023
948,13-10-2023,CUST948,Female,23,Electronics,3,25,75,2023
949,02-08-2023,CUST949,Female,41,Electronics,2,25,50,2023
950,07-11-2023,CUST950,Male,36,Clothing,3,300,900,2023
951,02-11-2023,CUST951,Male,33,Beauty,2,50,100,2023
952,13-11-2023,CUST952,Female,57,Clothing,1,25,25,2023
953,26-04-2023,CUST953,Male,45,Beauty,3,30,90,2023
954,25-09-2023,CUST954,Female,50,Electronics,3,300,900,2023
955,14-07-2023,CUST955,Male,58,Clothing,1,25,25,2023
956,19-08-2023,CUST956,Male,30,Clothing,3,500,1500,2023
957,15-08-2023,CUST957,Female,60,Electronics,4,30,120,2023
958,02-06-2023,CUST958,Male,62,Electronics,2,25,50,2023
959,29-10-2023,CUST959,Female,42,Electronics,2,30,60,2023
960,08-08-2023,CUST960,Male,59,Clothing,2,30,60,2023
961,06-06-2023,CUST961,Male,53,Beauty,4,50,200,2023
962,19-10-2023,CUST962,Male,44,Clothing,2,30,60,2023
963,14-11-2023,CUST963,Female,55,Beauty,1,50,50,2023
964,31-01-2023,CUST964,Male,24,Clothing,3,300,900,2023
965,09-11-2023,CUST965,Male,22,Clothing,4,50,200,2023
966,20-02-2023,CUST966,Male,60,Electronics,2,500,1000,2023
967,17-04-2023,CUST967,Male,62,Beauty,1,25,25,2023
968,17-11-2023,CUST968,Female,48,Clothing,3,300,900,2023
969,19-04-2023,CUST969,Female,40,Clothing,3,300,900,2023
970,16-05-2023,CUST970,Male,59,Electronics,4,500,2000,2023
971,05-12-2023,CUST971,Female,27,Electronics,4,50,200,2023
972,11-02-2023,CUST972,Male,49,Beauty,4,25,100,2023
973,22-03-2023,CUST973,Male,60,Clothing,1,50,50,2023
974,03-05-2023,CUST974,Male,47,Beauty,1,30,30,2023
975,30-03-2023,CUST975,Female,56,Clothing,4,50,200,2023
976,10-10-2023,CUST976,Female,48,Beauty,2,300,600,2023
977,08-02-2023,CUST977,Female,35,Electronics,3,25,75,2023
978,22-03-2023,CUST978,Female,53,Clothing,3,50,150,2023
979,02-01-2023,CUST979,Female,19,Beauty,1,25,25,2023
980,29-07-2023,CUST980,Female,31,Electronics,3,25,75,2023
981,19-08-2023,CUST981,Female,30,Electronics,2,30,60,2023
982,19-12-2023,CUST982,Female,46,Beauty,3,30,90,2023
983,01-11-2023,CUST983,Female,29,Clothing,1,300,300,2023
984,29-08-2023,CUST984,Male,56,Clothing,1,500,500,2023
985,30-05-2023,CUST985,Female,19,Electronics,2,25,50,2023
986,17-01-2023,CUST986,Female,49,Clothing,2,500,1000,2023
987,29-04-2023,CUST987,Female,30,Clothing,3,300,900,2023
988,28-05-2023,CUST988,Female,63,Clothing,3,25,75,2023
989,28-12-2023,CUST989,Female,44,Electronics,1,25,25,2023
990,25-05-2023,CUST990,Female,58,Beauty,2,500,1000,2023
991,26-12-2023,CUST991,Female,34,Clothing,2,50,100,2023
992,21-08-2023,CUST992,Female,57,Electronics,2,30,60,2023
993,06-02-2023,CUST993,Female,48,Electronics,3,50,150,2023
994,18-12-2023,CUST994,Female,51,Beauty,2,500,1000,2023
995,30-04-2023,CUST995,Female,41,Clothing,1,30,30,2023
996,16-05-2023,CUST996,Male,62,Clothing,1,50,50,2023
997,17-11-2023,CUST997,Male,52,Beauty,3,30,90,2023
998,29-10-2023,CUST998,Female,23,Beauty,4,25,100,2023
999,05-12-2023,CUST999,Female,36,Electronics,3,50,150,2023
1000,12-04-2023,CUST1000,Male,47,Electronics,4,30,120,2023
